Nome do Produto,Preço
Apple iPhone 13 (128gb) Novo + Acessórios,R$3.3726% OFF
Apple iPhone 13 (128gb) Novo + Acessórios,R$3.3907% OFF
iPhone 16e (128 GB) - Preto - Distribuidor Autorizado,R$3.66336% OFF no Pix ou Saldo no Mercado Pago
Apple iPhone 16 (256 GB) - Preto - Distribuidor Autorizado,R$5.03947% OFF no Pix ou Saldo no Mercado Pago
Apple iPhone 15 verde 256 GB - Distribuidor Autorizado,R$4.33446% OFF no Pix ou Saldo no Mercado Pago
Apple iPhone 16 (128 GB) - Verde-acinzentado - Distribuidor Autorizado,R$4.58841% OFF no Pix ou Saldo no Mercado Pago
Apple iPhone 15 (128 GB) - Amarelo - Distribuidor Autorizado,R$3.95945% OFF no Pix ou Saldo no Mercado Pago
iPhone 17 256 GB - Branco - Distribuidor Autorizado,R$7.19510% OFF no Pix ou Saldo no Mercado Pago
iPhone 16e (256 Gb) - Branco - Distribuidor Autorizado,R$3.86941% OFF no Pix ou Saldo no Mercado Pago
iPhone 17 Pro 256GB - Azul-profundo - Distribuidor Autorizado,R$9.31419% OFF no Pix ou Saldo no Mercado Pago
iPhone 17 Pro Max 256GB - Prateado - Distribuidor Autorizado,R$11.24810% OFF no Pix ou Saldo no Mercado Pago
iPhone 13 Pro Max 256 GB azul-sierra - Excelente (Recondicionado),R$3.899
iPhone 17 Pro Max 512GB - Laranja-cósmico - Distribuidor Autorizado,R$12.59810% OFF no Pix ou Saldo no Mercado Pago
iPhone XR 64 GB vermelho - Aceitável (Recondicionado),R$973
iPhone 17 Pro 512GB - Prateado - Distribuidor Autorizado,R$11.69810% OFF no Pix ou Saldo no Mercado Pago
iPhone 17 Pro Max 1TB - Laranja-cósmico - Distribuidor Autorizado,R$13.94810% OFF no Pix ou Saldo no Mercado Pago
iPhone 13 Dual SIM 256 GB estelar - Excelente (Recondicionado),R$2.989
iPhone XR 128 GB preto - Aceitável (Recondicionado),R$1.099
iPhone 17 Pro 1TB - Azul-profundo - Distribuidor Autorizado,R$13.04910% OFF no Pix ou Saldo no Mercado Pago
iPhone 17 Pro Max 2TB - Prateado - Distribuidor Autorizado,R$16.64910% OFF no Pix ou Saldo no Mercado Pago
iPhone XR 64 GB amarelo - Bom (Recondicionado),R$999
iPhone 6s 32 GB cinza-espacial - Bom (Recondicionado),R$394
iPhone 13 mini 128 GB azul - Excelente (Recondicionado),R$399
iPhone Air 256 GB - Preto-espacial - somente eSIM - Distribuidor Autorizado,R$2.199
Apple iPhone 15 (512 GB) - Amarelo - Distribuidor Autorizado,R$7.24730% OFF no Pix ou Saldo no Mercado Pago
iPhone 17 512 GB - Sálvia - Distribuidor Autorizado,R$5.77140% OFF no Pix ou Saldo no Mercado Pago
iPhone XR 256 GB preto - Bom (Recondicionado),R$8.54910% OFF no Pix ou Saldo no Mercado Pago
iPhone 16e (512 Gb) - Preto - Distribuidor Autorizado,R$1.499
Apple iPhone 12 (128 GB) - Branco,R$5.75928% OFF no Pix ou Saldo no Mercado Pago
iPhone 12 Pro 256 GB azul pacífico - Excelente (Recondicionado),R$2.176
iPhone 11 Pro 256 GB cinza-espacial - Bom (Recondicionado),R$2.559
Apple iPhone 15 Pro Max (256 GB) - Titânio Preto - Bom (Recondicionado),R$2.099
iPhone 8 Plus 256 GB cinza-espacial - Aceitável (Recondicionado),R$4.925
iPhone 12 Dual SIM 256 GB roxo - Excelente (Recondicionado),R$1.199
Apple iPhone 11 (128 GB) - Preto - Aceitável (Recondicionado),R$2.590
iPhone 12 mini 128 GB azul - Excelente (Recondicionado),R$1.405
Apple iPhone 16 Pro (128 GB) - Titânio branco,R$1.880
iPhone Air 512 GB - Preto-espacial - somente eSIM - Distribuidor Autorizado,R$7.599
Apple iPhone 14 Plus (256 GB) - Meia-noite - Excelente (Recondicionado),R$8.49829% OFF no Pix ou Saldo no Mercado Pago
iPhone 13 Pro 512 GB grafite - Excelente (Recondicionado),R$3.249
iPhone 17 Pro 256GB - Prateado,R$3.475
iPhone SE (2nd Generation) 64 GB preto - Aceitável (Recondicionado),R$9.800
iPhone 7 32 GB preto-fosco - Bom (Recondicionado),R$9.900
"iPhone 8 Plus 64 GB cinza-espacial - Bom (Recondicionado),""R$658,6322% OFF"""
Apple iPhone 13 (128 GB) - Verde (Novo com caixa aberta),R$489
"iPhone 12 Dual SIM 64 GB azul - Bom (Recondicionado),""R$909,99"""
iPhone 12 Pro 128 GB grafite - Excelente (Recondicionado),R$2.699
Apple iPhone 16 Pro Max (256 GB) - Titânio-deserto - Bom (Recondicionado),R$1.639
Apple iPhone XR 64 GB - Branco (Novo com caixa aberta),R$2.09420% OFF
iPhone Air 1 TB - Branco-nuvem - somente eSIM - Distribuidor Autorizado,R$6.499
